EDI_NENA,Inventory of text source data files,,,,,,
,Revised 08 October 2017,,,,,,
,,,,,,,
,,,,,,,
EDI identifier,Organization or Program,Date of collection,Web browser,Location of source,"Permanent links (added by QDR as of May 30, 2018)",File name,Notes
CT001,Connecticut Roundtable on Climate and Jobs,,,,,,
CT002,The Neighbor to Neighbor Energy Challenge,,,,,,
CT003,The City of Bridgeport City Hall Complex,,,,,,
CT004,Acadia Center,,,,,,
ME001,Midcoast Green Collaborative,,,,,,
ME002,A Climate to Thrive,,,,,,
MA001,Green Justice Coalition,,,,,,
MA002,PV Squared,,,,,,
MA003,Co-op Power,4-Oct-17,Google Chrome,http://www.cooppower.coop/about-us,https://perma.cc/6UQV-EUQW,EDI_NENA.MA003.text.CoopPowerAbout.2017.nvcx,
MA003,Co-op Power,4-Oct-17,Google Chrome,http://www.cooppower.coop/why-we-exist,https://perma.cc/WQN4-3NFJ,EDI_NENA.MA003.text.CoopPowerWhyWeExist.2017.nvcx,
MA003,Co-op Power,4-Oct-17,Google Chrome,http://www.cooppower.coop/the-importance-of-community-ownership/,https://perma.cc/7RAC-UYMT,EDI_NENA.MA003.text.CoopPowerOwnership.2017.nvcx,
MA003,Co-op Power,4-Oct-17,Google Chrome,http://www.cooppower.coop/what-is-a-community-energy-co-op/,https://perma.cc/T86C-K3RR,EDI_NENA.MA003.text.CoopPowerWhatisCECoop.2017.nvcx,
MA003,Co-op Power,4-Oct-17,Google Chrome,http://www.cooppower.coop/new-page-3/,https://perma.cc/5NUG-ETDH,EDI_NENA.MA003.text.CoopPowerTestimonials.2017.nvcx,
MA003,Co-op Power,4-Oct-17,Google Chrome,http://www.cooppower.coop/form-cec/,https://perma.cc/ETD3-JGV6,EDI_NENA.MA003.text.CoopPowerBringCoop.2017.nvcx,
MA004,Climable.org,,,,,,
MA005,Community Energy Strategies Program,,,,,,
MA006,Boston Community Energy Study,,,,,,
MA007,Solar Massachusetts Renewable Target (SMART) Program,,,,,,
MA008, Affordable Access to Clean and Efficient Energy (AACEE) Initiative,,,,,,
NB001,New Brunswick Union,,,,,,
NB002,Locally Owned Renewable Energy Projects that are Small Scale Program (LORESS),,,,,,
NH001,NH Pipeline Awareness,,,,,,
NH002,Monadnock Sustainability Network,,,,,,
NH003,New England Grassroots Environment Fund ,4-Oct-17,Google Chrome,https://grassrootsfund.org/sites/default/files/negef/Docs/grassroots_fund_guiding_values.pdf,https://perma.cc/TSB5-EL56,EDI_NENA.NH003_text.NEGEFgrassroots_fund_guiding_values.2017,
NH003,New England Grassroots Environment Fund ,4-Oct-17,Google Chrome,https://grassrootsfund.org/about-us,https://perma.cc/S6UU-D3KC,EDI_NENA.NH003_text.NEGEFAboutUs.2017.nvcx,
NH003,New England Grassroots Environment Fund ,4-Oct-17,Google Chrome,https://grassrootsfund.org/about-us/history,https://perma.cc/UF86-LKDF,EDI_NENA.NH003_text.NEGEFHistory.2017.nvcx,
NH003,New England Grassroots Environment Fund ,4-Oct-17,Google Chrome,https://grassrootsfund.org/about-us/civic-engagement,https://perma.cc/79G5-VJ46,EDI_NENA.NH003_text.NEGEFCivicEngagement.2017.nvcx,
NH003,New England Grassroots Environment Fund ,4-Oct-17,Google Chrome,https://grassrootsfund.org/about-us/community-resilience,https://perma.cc/YM8H-TB4M,EDI_NENA.NH003_text.NEGEFCommunityResilience.2017.nvcx,
NH003,New England Grassroots Environment Fund ,4-Oct-17,Google Chrome,https://grassrootsfund.org/collaborations/partner-resources/100-renewable-new-england-fund,https://perma.cc/QV69-GMQF,EDI_NENA.NH003_text.NEGEF100Renewable.2017.nvcx,
NH003,New England Grassroots Environment Fund ,4-Oct-17,Google Chrome,https://grassrootsfund.org/dollars/issue-areas,https://perma.cc/7MVF-FVAT,EDI_NENA.NH003_text.NEGEFIssueAreas.2017.nvcx,
NH004,NH Local Energy Solutions,,,,,,
NY001,New York Energy Democracy Alliance,4-Oct-17,Google Chrome,http://energydemocracyny.org/wp-content/uploads/2017/01/CoShare-CSS-case-studies.pdf,https://perma.cc/5ZRL-8542,EDI_NENA.NY001.text.NYEDACoSharecase-studies.2017,
NY001,New York Energy Democracy Alliance,4-Oct-17,Google Chrome,http://energydemocracyny.org/wp-content/uploads/2015/12/EDA_Phase_1_report_final.pdf,https://perma.cc/S5SE-TBGH,EDI_NENA.NY001.text.NYEDAPhase1Report.2016,
NY001,New York Energy Democracy Alliance,4-Oct-17,Google Chrome,http://energydemocracyny.org/wp-content/uploads/2016/05/NYEDA-COSHARE-NCSP.5.18.16.pptx,https://perma.cc/Q3CV-GFNB,EDI_NENA.NY001.text.NYEDACoSharePresentation.2017,
NY001,New York Energy Democracy Alliance,4-Oct-17,Google Chrome,https://actionnetwork.org/petitions/appoint-a-peoples-public-service-commissioner-in-ny,https://perma.cc/8GPF-8QMZ,EDI_NENA.NY001.text.NYEDAAppoint.2017.nvcx,
NY001,New York Energy Democracy Alliance,4-Oct-17,Google Chrome,http://energydemocracyny.org/,https://perma.cc/4MDM-HZU3,EDI_NENA.NY001.text.NYEDAHome.2017.nvcx,
NY001,New York Energy Democracy Alliance,4-Oct-17,Internet Explorer,http://energydemocracyny.org/policy-priorities,https://perma.cc/RX3M-VGSA,EDI_NENA.NY001.text.NYEDAPolicyPriorities.2017.nvcx,
NY001,New York Energy Democracy Alliance,4-Oct-17,Internet Explorer,http://energydemocracyny.org/community-net-metering-shared-renewables,https://perma.cc/WVU8-DV6M,EDI_NENA.NY001.text.NYEDASharedRenewables.2017.nvcx,
NY001,New York Energy Democracy Alliance,4-Oct-17,Internet Explorer,http://energydemocracyny.org/mission,https://perma.cc/HSD8-SP5K,EDI_NENA.NY001.text.NYEDAMission.2017.nvcx,
NY001,New York Energy Democracy Alliance,4-Oct-17,Internet Explorer,http://energydemocracyny.org/eda-statement-on-the-paris-climate-accord,https://perma.cc/AFB3-DBUZ,EDI_NENA.NY001.text.NYEDAParis.2017.nvcx,
NY001,New York Energy Democracy Alliance,4-Oct-17,Internet Explorer,http://energydemocracyny.org/about-us,https://perma.cc/DQU4-JA4,EDI_NENA.NY001.text.NYEDAAboutUs.2017.nvcx,
NY001,New York Energy Democracy Alliance,4-Oct-17,Internet Explorer,http://energydemocracyny.org/energy-democracy-advocates-disrupt-new-yorks-energy-czar-to-spotlight-new-yorkers-left-out-of-states-rev-program,https://perma.cc/M7TV-DUWM,EDI_NENA.NY001.text.NYEDAAdvocates.2017.nvcx,
NY002,Trade Unions for Energy Democracy,4-Oct-17,Google Chrome,http://unionsforenergydemocracy.org/wp-content/uploads/2017/01/TUED-Working-Paper-9_Web-1.pdf,https://perma.cc/X92G-WNMX,EDI_NENA.NY002.text.SweeneyTreat.2017,
NY002,Trade Unions for Energy Democracy,4-Oct-17,Google Chrome,http://unionsforenergydemocracy.org/wp-content/uploads/2015/06/TUED-Power-to-the-Peoplefinal.pdf,https://perma.cc/U29P-AXJ3,EDI_NENA.NY002.text.TUEDWorkingPaper4.2015,
NY002,Trade Unions for Energy Democracy,4-Oct-17,Google Chrome,http://unionsforenergydemocracy.org/wp-content/uploads/2014/09/TUED-working-paper-2.pdf,https://perma.cc/K7GV-VXY7,EDI_NENA.NY002.text.Sweeney.2014,
NY002,Trade Unions for Energy Democracy,4-Oct-17,Google Chrome,http://unionsforenergydemocracy.org/wp-content/uploads/2014/05/resistreclaimrestructure_2013_english.pdf,https://perma.cc/2CSH-5LLY,EDI_NENA.NY002.text.Sweeney.2013,
NY002,Trade Unions for Energy Democracy,4-Oct-17,Google Chrome,http://unionsforenergydemocracy.org/full-report-from-an-international-meeting-on-the-energy-mix-and-the-commons-buenos-aires-argentina-english/,https://perma.cc/HPF5-UKMX,EDI_NENA.NY002.text.TUEDEnergyMixCommons.2017.nvcx,
NY002,Trade Unions for Energy Democracy,4-Oct-17,Google Chrome,http://unionsforenergydemocracy.org/about/our-history/,https://perma.cc/JJ4W-URKL,EDI_NENA.NY002.text.TUEDHistory.2017.nvcx,
NY002,Trade Unions for Energy Democracy,4-Oct-17,Google Chrome,http://unionsforenergydemocracy.org/about/about-the-initiative/,https://perma.cc/BUH6-CJAS,EDI_NENA.NY002.text.TUEDAbout.2017.nvcx,
NY003,350.org,5-Oct-17,Google Chrome,https://350.org/2016-annual-report/,https://perma.cc/5CCD-FEYK,EDI_NENA.NY003.text.350orgAnnualReport.2017.nvcx,
NY003,350.org,5-Oct-17,Google Chrome,https://350.org/about/,https://perma.cc/T56W-GFFZ,EDI_NENA.NY003.text.350orgAbout.2017.nvcx,
NY003,350.org,5-Oct-17,Google Chrome,https://350.org/activists-and-environmentalists-are-persecuted-after-peaceful-demonstration/,https://perma.cc/UH24-ZSDD,EDI_NENA.NY003.text.350orgActivists.2017.nvcx,
NY003,350.org,5-Oct-17,Google Chrome,https://haveyoursei.org/,https://perma.cc/LFL9-WPZK,EDI_NENA.NY003.text.350orgHaveYourSei.2017.nvcx,
NY003,350.org,5-Oct-17,Google Chrome,https://350.org/values/,https://perma.cc/L2ZP-NN5F,EDI_NENA.NY003.text.350orgValues.2017.nvcx,
NY003,350.org,5-Oct-17,Google Chrome,https://350.org/science/,https://perma.cc/Z9MV-YVYZ,EDI_NENA.NY003.text.350orgScience.2017.nvcx,
NY003,350.org,5-Oct-17,Google Chrome,https://350.org/,https://perma.cc/6VQJ-A6UB,EDI_NENA.NY003.text.350orgHome.2017.nvcx,
NY004,PUSH Buffalo,,,,,,
NY005,Alliance for a Green Economy (AGREE),,,,,,
NY006,System Change not Climate Change-New York chapter,,,,,,
NY007,Sane Energy Project,,,,,,
NY008,NY Renews,,,,,,
NY009,GRID Alternatives Tri-State,,,,,,
NS001,Sable Wind Farm,,,,,,
ON001,Feed-In Tariff (FIT) and MicroFIT program,,,,,,
ON002,Canadian Union of Public Employees,5-Oct-17,Google Chrome,https://cupe.ca/sites/cupe/files/field_publication_past_issues/cupe_celebrates_2016_eng_single_pages_final_reduced.pdf,https://perma.cc/8TBS-ZNAB,EDI_NENA.ON002.text.CUPECelebrates.2016,
ON002,Canadian Union of Public Employees,5-Oct-17,Google Chrome,https://cupe.ca/sites/cupe/files/Working_in_harmony_with_the_earth.pdf,https://perma.cc/C9VC-3GA8,EDI_NENA.ON002.text.CUPEWorkinginHarmony.2013,
ON002,Canadian Union of Public Employees,5-Oct-17,Google Chrome,https://cupe.ca/sites/cupe/files/2015_strategic_direction_final_as_adopted.pdf,https://perma.cc/UK94-L45Q,EDI_NENA.ON002.text.CUPEStrategicDirection.2015,
ON002,Canadian Union of Public Employees,5-Oct-17,Google Chrome,https://cupe.ca/sites/cupe/files/constitution2015_lr.pdf,https://perma.cc/P8KB-CRUF,EDI_NENA.ON002.text.CUPEConstitution.2015,
ON002,Canadian Union of Public Employees,5-Oct-17,Google Chrome,https://cupe.ca/sites/cupe/files/nsc_transportation_2016_eng_final.pdf,https://perma.cc/J9Q9-9KBN,EDI_NENA.ON002.text.CUPETransSector.2016,
ON002,Canadian Union of Public Employees,5-Oct-17,Google Chrome,https://cupe.ca/sites/cupe/files/nsc_energy_2016_eng_final.pdf,https://perma.cc/SE6Q-MYE9,EDI_NENA.ON002.text.CUPEEnergySector.2016,
ON002,Canadian Union of Public Employees,5-Oct-17,Google Chrome,https://cupe.ca/sites/cupe/files/field_publication_past_issues/is_report_2016.pdf,https://perma.cc/QNG3-2NDG,EDI_NENA.ON002.text.CUPEIntlSolidarity.2016,
ON002,Canadian Union of Public Employees,5-Oct-17,Google Chrome,https://cupe.ca/sites/cupe/files/field_publication_past_issues/is_report_2017_eng_final_lr.pdf,https://perma.cc/DN7V-5HNL,EDI_NENA.ON002.text.CUPEIntlSolidarity.2017,
ON002,Canadian Union of Public Employees,5-Oct-17,Google Chrome,https://cupe.ca/sites/cupe/files/field_publication_past_issues/global_justice_winter_2016_low.pdf,https://perma.cc/2MJD-HWAD,EDI_NENA.ON002.text.CUPEGlobalJustice.Winter2016,
ON002,Canadian Union of Public Employees,5-Oct-17,Google Chrome,https://cupe.ca/sites/cupe/files/field_publication_past_issues/global_justice_fall_2016_e.pdf,https://perma.cc/5JCA-AEHL,EDI_NENA.ON002.text.CUPEGlobalJustice.Fall2016,
ON002,Canadian Union of Public Employees,5-Oct-17,Google Chrome,https://cupe.ca/sites/cupe/files/field_publication_past_issues/global_justice_winter_2017_e.pdf,https://perma.cc/RV5R-NMNY,EDI_NENA.ON002.text.CUPEGlobalJustice.Winter2017,
ON002,Canadian Union of Public Employees,5-Oct-17,Google Chrome,https://cupe.ca/premiers-legal-troubles-continue-over-deal-sell-hydro-one-shares,https://perma.cc/7XE9-RENL,EDI_NENA.ON002.text.CUPEHydroOne.2017.nvcx,
ON002,Canadian Union of Public Employees,5-Oct-17,Google Chrome,https://cupe.ca/energy-sector,https://perma.cc/R6L9-F2RC,EDI_NENA.ON002.text.CUPEEnergy.2017.nvcx,
ON002,Canadian Union of Public Employees,5-Oct-17,Google Chrome,https://cupe.ca/water,https://perma.cc/M4DE-XJJA,EDI_NENA.ON002.text.CUPEWater.2017.nvcx,
ON002,Canadian Union of Public Employees,5-Oct-17,Google Chrome,https://cupe.ca/montreal-light-rail-cupe-quebec-and-trainsparence-coalition-condemn-trudeau-government-funding,https://perma.cc/Q7MV-PUT4,EDI_NENA.ON002.text.CUPEMontreallightrail.2017.nvcx,
ON002,Canadian Union of Public Employees,5-Oct-17,Google Chrome,https://cupe.ca/environment,https://perma.cc/7T2G-Z56M,EDI_NENA.ON002.text.CUPEEnvironment.2017.nvcx,
ON002,Canadian Union of Public Employees,5-Oct-17,Google Chrome,https://cupe.ca/cupe-and-coalition-partners-rally-around-green-jobs,https://perma.cc/P6JT-G5MJ,EDI_NENA.ON002.text.CUPEGreenJobs.2014.nvcx,
ON002,Canadian Union of Public Employees,5-Oct-17,Google Chrome,https://cupe.ca/cupe-paris-climate-talks,https://perma.cc/P9QN-LM8P,EDI_NENA.ON002.text.CUPEParis.2016.nvcx,
ON002,Canadian Union of Public Employees,5-Oct-17,Google Chrome,https://cupe.ca/cupe-takes-environmental-leap-national-convention,https://perma.cc/9GNY-ENH2,EDI_NENA.ON002.text.CUPEEnvlleap.2016.nvcx,
ON002,Canadian Union of Public Employees,5-Oct-17,Google Chrome,https://cupe.ca/climate-change-workshop,https://perma.cc/FTA7-EAKC,EDI_NENA.ON002.text.CUPEClimateChangeWorkshop.2016.nvcx,
ON002,Canadian Union of Public Employees,5-Oct-17,Google Chrome,https://cupe.ca/cupe-takes-part-climate-jobs-forum,https://perma.cc/E9MN-W3SA,EDI_NENA.ON002.text.CUPEClimateJobsForum.2017.nvcx,
ON003,Ottawa Renewable Energy Coop,,,,,,
ON004,Ontario Sustainable Energy Association,,,,,,
ON005,TREC Renewable Energy Co-op,,,,,,
ON006,Federation of Community Power Co-operatives (FCPC),,,,,,
ON007,The Leap,5-Oct-17,Google Chrome,https://leapmanifesto.org/wp-content/uploads/2015/09/Manifesto-en.pdf,https://perma.cc/AUU8-DFVA,EDI_NENA.ON007.text.LeapManifesto.2015,
ON007,The Leap,5-Oct-17,Google Chrome,https://leapmanifesto.org/wp-content/uploads/2015/09/leafletE-05-10-flipped.pdf,https://perma.cc/H5ET-DM3Y,EDI_NENA.ON007.text.LeapManifestoLeaflet.2015,
ON007,The Leap,5-Oct-17,Google Chrome,https://leapmanifesto.org/wp-content/uploads/2015/09/Afford-en1.pdf,https://perma.cc/4BRE-WWC4,EDI_NENA.ON007.text.Campbell.2015,
ON007,The Leap,5-Oct-17,Google Chrome,https://leapmanifesto.org/en/faq/,https://perma.cc/8VJM-VVNN,EDI_NENA.ON007.text.LeapManifestoFAQ.2017.nvcx,
ON007,The Leap,5-Oct-17,Google Chrome,https://theleapblog.org/after-paris-withdrawal-local-resistance-is-fertile/,https://perma.cc/CGZ4-B56S,EDI_NENA.ON007.text.Rogers-Wright.2017a.nvcx,
ON007,The Leap,5-Oct-17,Google Chrome,https://theleap.org/portfolio-items/why-every-hurricane-should-be-named-jim/,https://perma.cc/9S6E-YVKN,EDI_NENA.ON007.text.Rogers-Wright.2017b.nvcx,
ON007,The Leap,5-Oct-17,Google Chrome,https://theleap.org/portfolio-items/action-building-solar-powered-homes-in-the-path-of-kinder-morgan/,https://perma.cc/QNR4-PK7D,EDI_NENA.ON007.text.McKenna.2017.nvcx,
ON007,The Leap,5-Oct-17,Google Chrome,https://theleap.org/portfolio-items/the-leaps-only-ndp-endorsement/,https://perma.cc/JX8U-G8SX,EDI_NENA.ON007.text.Lewis.2017.nvcx,
ON007,The Leap,5-Oct-17,Google Chrome,https://theleap.org/faqs/,https://perma.cc/8SJ7-6YXP,EDI_NENA.ON007.text.TheLeapFAQ.2017.nvcx,
ON007,The Leap,5-Oct-17,Google Chrome,https://theleap.org/partnerships/,https://perma.cc/N7MN-WXAP,EDI_NENA.ON007.text.TheLeapPartnerships.2017.nvcx,
PE001,Summerside Electric,,,,,,
QC001,Fédération des travailleurs et des travailleuses du Québec (FTQ),,,,,,
QC002,Regroupement Vigilance Hydrocarbures Québec,,,,,,
QC003,Le Front commun pour la transition énergétique,,,,,,
QC004,"Confédération des syndicats nationaux, Québec (CSN)",6-Oct-17,Google Chrome,https://www.csn.qc.ca/2012-07-01_publication_actsforfutur_unionenvironmentalguide_csn/,https://perma.cc/S52Z-BYHY,EDI_NENA.QC004.text.CSNActsforFuture.2012,
QC004,"Confédération des syndicats nationaux, Québec (CSN)",6-Oct-17,Google Chrome,https://www.csn.qc.ca/2012-12_publication_pol-ind_csn/,https://perma.cc/WC8T-VBJK,EDI_NENA.QC004.text.CSNSecteurManufacturier.2012_TransEng,Translated to English using Microsoft Translator from EDI_NENA.QC004.text.CSNSecteurManufacturier.2012
QC004,"Confédération des syndicats nationaux, Québec (CSN)",6-Oct-17,Google Chrome,https://www.csn.qc.ca/wp-content/uploads/2017/06/65e-doc-manifeste.pdf,https://perma.cc/9JUC-4DCA,EDI_NENA.QC004.text.CSNManifeste.2017_TransEng,Translated to English using Microsoft Translator from EDI_NENA.QC004.text.CSNManifeste.2017
QC004,"Confédération des syndicats nationaux, Québec (CSN)",6-Oct-17,Google Chrome,https://www.csn.qc.ca/2015-12-07_bylaws_csn/,https://perma.cc/AF6D-Q664,EDI_NENA.QC004.text.CSNBylaws.2015,
QC004,"Confédération des syndicats nationaux, Québec (CSN)",6-Oct-17,Google Chrome,https://www.csn.qc.ca/2016-03-16_cop21_csn/,https://perma.cc/L2UB-9G5Y,EDI_NENA.QC004.text.CSNCOP21.2016,
QC004,"Confédération des syndicats nationaux, Québec (CSN)",6-Oct-17,Google Chrome,https://www.csn.qc.ca//wp-content/uploads/2016/04/2015-09-25_strategie_energetique_CSN.pdf,https://perma.cc/QE7V-RHPN,EDI_NENA.QC004.text.CSNStrategieEnergetique.2015,
QC004,"Confédération des syndicats nationaux, Québec (CSN)",6-Oct-17,Google Chrome,http://vertlasolidarite.org/wp-content/uploads/2015/09/Politique-developpement-durable-CSN-2015.pdf,https://perma.cc/9LLJ-F6RX,EDI_NENA.QC004.text.CSNDeveloppementDurable.2015_TransEng,Translated to English using Microsoft Translator from EDI_NENA.QC004.text.CSNDeveloppementDurable.2015
QC004,"Confédération des syndicats nationaux, Québec (CSN)",6-Oct-17,Google Chrome,http://vertlasolidarite.org/a-propos/,https://perma.cc/2ZUR-M3VR,EDI_NENA.QC004.text.vertlasolidarite.2017.nvcx,Translated to English using Google Translate at web page
QC004,"Confédération des syndicats nationaux, Québec (CSN)",6-Oct-17,Google Chrome,https://lamdd.org/actu/2017/les-travailleuses-travailleurs-acteurs-incontournables-pour,https://perma.cc/6RCZ-RHBM,EDI_NENA.QC004.text.CSNWorkers.2017.nvcx,Translated to English using Google Translate at web page
QC004,"Confédération des syndicats nationaux, Québec (CSN)",6-Oct-17,Google Chrome,https://www.csn.qc.ca/actualites/a-la-recherche-dune-transition-juste/,https://perma.cc/5M9V-DC2J,EDI_NENA.QC004.text.MURPHY-PERRON.2017.nvcx,Translated to English using Google Translate at web page
QC004,"Confédération des syndicats nationaux, Québec (CSN)",6-Oct-17,Google Chrome,https://www.csn.qc.ca/actualites/un-plan-daction-qui-vise-juste/,https://perma.cc/TKS5-7KJJ,EDI_NENA.QC004.text.GUÉNETTE.2017.nvcx,Translated to English using Google Translate at web page
QC004,"Confédération des syndicats nationaux, Québec (CSN)",6-Oct-17,Google Chrome,https://www.csn.qc.ca/mouvement/patrimoine/notre-declaration-de-principe/,https://perma.cc/4RR5-7NKZ,EDI_NENA.QC004.text.CSNPrinciples.2017,Translated to English using Google Translate at web page
QC004,"Confédération des syndicats nationaux, Québec (CSN)",6-Oct-17,Google Chrome,https://www.csn.qc.ca/mouvement/patrimoine/nos-valeurs/,https://perma.cc/DH6T-64ZA,EDI_NENA.QC004.text.CSNValues.2017.nvcx,Translated to English using Google Translate at web page
QC004,"Confédération des syndicats nationaux, Québec (CSN)",6-Oct-17,Google Chrome,https://www.csn.qc.ca/mouvement/comites/comite-en-environnement-et-developpement-durable/,https://perma.cc/QWS2-F7Z8,EDI_NENA.QC004.text.Comitéenvirodéveloppementdurable .2017.nvcx,Translated to English using Google Translate at web page
QC005,Fondation Coule Pas Chez Nous,8-Oct-17,Google Chrome,https://www.coulepascheznous.com/pdf/Encart_StAntoinedeTilly.pdf,https://perma.cc/K6TS-Q54G,EDI_NENA.QC005.text.CoulePCNLevis.2015_TransEng,Translated to English using Microsoft Translator from EDI_NENA.QC005.text.CoulePCNLevis.2015
QC005,Fondation Coule Pas Chez Nous,8-Oct-17,Google Chrome,https://www.coulepascheznous.com/pdf/2014-04-12-proposition-de-reglement-municipal-pipeline-terrestre.pdf,https://perma.cc/27RM-JVH8,EDI_NENA.QC005.text.Langelier.2014_TransEng,Translated to English using Microsoft Translator from EDI_NENA.QC005.text.Langelier.2014
QC005,Fondation Coule Pas Chez Nous,8-Oct-17,Google Chrome,https://www.coulepascheznous.com/pdf/CoulePCN-Municipalites_v2.pdf,https://perma.cc/FGU2-KFKE,EDI_NENA.QC005.text.CoulePCNMunicipalites.2015_TransEng,Translated to English using Microsoft Translator from EDI_NENA.QC005.text.CoulePCNMunicipalites.2015
QC005,Fondation Coule Pas Chez Nous,8-Oct-17,Google Chrome,https://www.coulepascheznous.com/pdf/CoulePCN-Proprietaires_v1.pdf,https://perma.cc/B6WH-LYTE,EDI_NENA.QC005.text.CoulePCNProprietaires.2014_TransEng,Translated to English using Microsoft Translator from EDI_NENA.QC005.text.CoulePCNProprietaires.2014
QC005,Fondation Coule Pas Chez Nous,8-Oct-17,Google Chrome,http://www.rncreq.org/images/UserFiles/files/Portrait_Energie_Qc_2015(2).pdf,https://perma.cc/NH3M-R63P,EDI_NENA.QC005.text.RNCREQ.2015_TransEng,Translated to English using Microsoft Translator from EDI_NENA.QC005.text.RNCREQ.2015
QC005,Fondation Coule Pas Chez Nous,8-Oct-17,Google Chrome,https://www.coulepascheznous.com/pdf/4p_changements_clim_FINALE.pdf,https://perma.cc/G6FS-W7JG,EDI_NENA.QC005.text.CoulePCNChangementsClimatiques.2017_TransEng,Translated to English using Microsoft Translator from EDI_NENA.QC005.text.CoulePCNChangementsClimatiques.2017
QC005,Fondation Coule Pas Chez Nous,8-Oct-17,Google Chrome,https://www.coulepascheznous.com/pdf/Encart_Montmagny_Islet.pdf,https://perma.cc/B6F3-P8ZJ,EDI_NENA.QC005.text.CoulePCNMontmagny.2015_TransEng,Translated to English using Microsoft Translator from EDI_NENA.QC005.text.CoulePCNMontmagny.2015
QC005,Fondation Coule Pas Chez Nous,8-Oct-17,Google Chrome,https://www.coulepascheznous.com/pdf/4pages_EnergieEst_2015.pdf,https://perma.cc/F9ML-FWVS,EDI_NENA.QC005.text.CoulePCNEnergieEst.2015_TransEng,Translated to English using Microsoft Translator from EDI_NENA.QC005.text.CoulePCNEnergieEst.2015
QC005,Fondation Coule Pas Chez Nous,8-Oct-17,Google Chrome,https://www.coulepascheznous.com/pdf/depliant-V2_final.pdf,https://perma.cc/WSN6-7QEN,EDI_NENA.QC005.text.CoulePCNDepliant.2017_TransEng,Translated to English using Microsoft Translator from EDI_NENA.QC005.text.CoulePCNDepliant.2017
QC005,Fondation Coule Pas Chez Nous,8-Oct-17,Google Chrome,https://www.coulepascheznous.com/pdf/Encart_Maskinonge.pdf,https://perma.cc/BYJ2-4EDH,EDI_NENA.QC005.text.CoulePCNMaskinongé.2015_TransEng,Translated to English using Microsoft Translator from EDI_NENA.QC005.text.CoulePCNMaskinongé.2015
QC005,Fondation Coule Pas Chez Nous,8-Oct-17,Google Chrome,http://www.stopoleoduc.org/evenement/creation-de-la-fondation-coule-pas-chez-nous/,https://perma.cc/A76L-E7RJ,EDI_NENA.QC005.text.Lussier.2015.nvcx,Translated to English using Google Translate at web page
QC005,Fondation Coule Pas Chez Nous,8-Oct-17,Google Chrome,https://www.coulepascheznous.com/projets#projet18,https://perma.cc/6RB6-CWUA,EDI_NENA.QC005.text.CoulePCNlesprojetsfinancés.2017.nvcx,Translated to English using Google Translate at web page
QC005,Fondation Coule Pas Chez Nous,8-Oct-17,Google Chrome,https://www.coulepascheznous.com/lafondation#esh5,https://perma.cc/782L-S7SJ,EDI_NENA.QC005.text.CoulePCNla Fondation.2017.nvcx,Translated to English using Google Translate at web page
QC005,Fondation Coule Pas Chez Nous,8-Oct-17,Google Chrome,https://www.coulepascheznous.com/campagnes,https://perma.cc/AR35-5TXV,EDI_NENA.QC005.text.CoulePCNLacampagne.2017.nvcx,Translated to English using Google Translate at web page
QC005,Fondation Coule Pas Chez Nous,8-Oct-17,Google Chrome,https://www.coulepascheznous.com/action-municipalite,https://perma.cc/S26H-72E5,EDI_NENA.QC005.text.CoulePCNlMUNICIPALITÉ.2017.nvcx,Translated to English using Google Translate at web page
QC005,Fondation Coule Pas Chez Nous,8-Oct-17,Google Chrome,https://www.coulepascheznous.com/action-proprietaires,https://perma.cc/35S9-GKKF,EDI_NENA.QC005.text.CoulePCNPROPRIÉTAIRES.2017.nvcx,Translated to English using Google Translate at web page
QC005,Fondation Coule Pas Chez Nous,8-Oct-17,Google Chrome,https://www.coulepascheznous.com/action-citoyen#esh2,https://perma.cc/JE2R-LBL9,EDI_NENA.QC005.text.CoulePCNCitoyen.2017.nvcx,Translated to English using Google Translate at web page
QC005,Fondation Coule Pas Chez Nous,8-Oct-17,Google Chrome,https://www.coulepascheznous.com/informe-projet-energie-est,https://perma.cc/6Z4R-AWMW,EDI_NENA.QC005.text.CoulePCNEnergieEst.2017.nvcx,Translated to English using Google Translate at web page
QC005,Fondation Coule Pas Chez Nous,8-Oct-17,Google Chrome,https://www.coulepascheznous.com/informe-projet-ligne-9b-enbridge,https://perma.cc/UDY9-YHSE,EDI_NENA.QC005.text.CoulePCNLigne9B.nvcx,Translated to English using Google Translate at web page
QC005,Fondation Coule Pas Chez Nous,8-Oct-17,Google Chrome,https://www.coulepascheznous.com/informe-projet-montreal-portland,https://perma.cc/JCZ3-YTPM,EDI_NENA.QC005.text.CoulePCNEMontréal-Portland.2017.nvcx,Translated to English using Google Translate at web page
QC005,Fondation Coule Pas Chez Nous,8-Oct-17,Google Chrome,https://www.coulepascheznous.com/informe-projet-terminal-kildair,https://perma.cc/MGH6-UCCH,EDI_NENA.QC005.text.CoulePCNLeTerminalKildair.2017.nvcx,Translated to English using Google Translate at web page
QC005,Fondation Coule Pas Chez Nous,8-Oct-17,Google Chrome,https://www.coulepascheznous.com/informe-projet-chaleur-terminals,https://perma.cc/38M7-926T,EDI_NENA.QC005.text.CoulePCNChaleurTerminals.2017.nvcx,Translated to English using Google Translate at web page
QC005,Fondation Coule Pas Chez Nous,8-Oct-17,Google Chrome,https://www.coulepascheznous.com/alternatives,https://perma.cc/6F5F-AXEB,EDI_NENA.QC005.text.CoulePCNalternatives.2017.nvcx,Translated to English using Google Translate at web page
QC006,Divest McGill,,,,,,
RI001,Block Island Power Company,,,,,,
RI002,Regional Greenhouse Gas Initiative (RGGI),,,,,,
VT001,Rights & Democracy,,,,,,
VT002,Montpelier District Energy Project,,,,,,
VT003,Burlington Electric Department,,,,,,
VT004,350 Vermont,9/20/2017,Google Chrome Version 61.0.3163.91,http://350vermont.org/custom_type/we-need-your-input-how-to-build-towards-an-energy-democracy/,https://perma.cc/Y8XK-RQ2P,EDI_NENA.VT004.text.Davis.2017.nvcx,May not be included in analysis of transition narratives
VT005,Sierra Club - Vermont Chapter,,,,,,
VT006,Vermont Energy and Climate Action Network,,,,,,
VT007,Vermont Public Interest Research Group,,,,,,
