Date	Location	Event Type	External Link(s)	Status	Tweet content / article abstract	Link in Twitter or Facebook post	Archived link
2014-03-25	Tripoli	Self-immolation	http://english.al-akhbar.com/node/19150	Good	Syrian woman and Lebanese gas station owner set themselves on fire in separate incidents in Lebanon on Tuesday, state media reported. In the northern city of Tripoli, Mariam al-Khawli attempted to commit suicide outside a United Nations office by setting herself alight before bystanders rushed to save her.	NA	https://perma.cc/9UQB-2BAV
2014-05-18	Zahle	Protest	http://www.twitter.com/LBCI_News_EN/status/467950093274865664	Good	Syrian nationals hold demonstration in support of #Assadin#Zahle| https://www.lbcgroup.tv/news/155969/LBCI-News … |#Syria#Lebanon	https://www.lbcgroup.tv/news/155969/LBCI-News	https://perma.cc/HH6H-3MAY
2014-05-30	Tripoli	Protest	http://www.twitter.com/Racha93halabi/status/472329273383329792	Good	"@omarfarache: مظاهرة للسوريين المعارضين للانتخابات امام مسجد التقوى   في طرابلس    https://twitter.com/omarfarache/status/472328159430311936/photo/1pic.twitter.com/AkkLOtc9y0 "	http://t.co/AkkLOtc9y0	not available
2014-05-31	Aarsal	Protest	http://cldhpressreview.blogspot.com.tr/2014/06/now-lebanon-arsal-refugees-protest.html	Good	نازحو عرسال ضد "انتخابات الدم" رغم قصف طائرات النظام السوري لجرود عرسال صباح اليوم بعدة براميل متفجرة، على مقربة من مخيمات النزوح، نظم حشد من النازحين السوريين وقفة اعتصامية ضد الرئيس السوري بشار الأسد وانتخاباته "المزيفة" كما وصفوها. الاعتصام كان بعنوان "أحرار سوريا يقولون كلمتهم: لا لانتخابات الدم والعار". المعتصمون رفعوا أعلام الثورة السورية، ويافطات ضد الانتخابات، وأطلقوا هتافات الثورة المعروفة ورددوا أغانيها. وتوجهوا للعالم أجمع بعدة لغات، منها العربية والإنكليزية والكردية والروسية، مناشدين العالم إيقاف مجازر بشار الأسد بحق الشعب السوري	NA	https://perma.cc/4P7U-66XJ
2014-06-01	Khreibet Ej-Jindi	Protest	http://www.twitter.com/LBCI_News_EN/status/473143975583313923	Good	[VIDEO] REPORT: Syrian refugees in #Akkarhold protests against Syrian presidential elections | https://www.lbcgroup.tv/news/158469/LBCI-News … |#Lebanon#Syria	https://www.lbcgroup.tv/news/158469/LBCI-News	https://perma.cc/R8QL-7ANQ
2014-06-01	Khreibet Ej-Jindi	Protest	http://www.twitter.com/NewsLB/status/473131631008440320	Good	#LebanonSyrian Refugees in Akkar Protest 'Blood Election' http://dlvr.it/5rVV2q Via@Naharnet	www.naharnet.com/stories/en/133167-syrian-refugees-in-akkar-protest-blood-election	https://web.archive.org/web/20140603044058/www.naharnet.com/stories/en/133167-syrian-refugees-in-akkar-protest-blood-election
2014-09-10	Nabatiyya	Protest	http://www.twitter.com/Live961/status/509709644655505408	Good	اعتصام لسوريين في النبطية تضامنا مع الجيش اللبناني والمقاومة http://wyz.me/affq #lebanon	https://www.elmarada.org/politics/latest-news/97409-%D8%A7%D8%B9%D8%AA%D8%B5%D8%A7%D9%85-%D9%84%D8%B3%D9%88%D8%B1%D9%8A%D9%8A%D9%86-%D9%81%D9%8A-%D8%A7%D9%84%D9%86%D8%A8%D8%B7%D9%8A%D8%A9-%D8%AA%D8%B6%D8%A7%D9%85%D9%86%D8%A7-%D9%85%D8%B9-%D8%A7%D9%84%D8%AC%D9%8A%D8%B4-%D8%A7%D9%84%D9%84%D8%A8%D9%86%D8%A7%D9%86%D9%8A-%D9%88%D8%A7%D9%84%D9%85%D9%82%D8%A7%D9%88%D9%85%D8%A9	not available
2014-09-10	Nabatiyya	Protest	http://www.twitter.com/Mulhak/status/509720449610022912	Good	إعتصام لسوريين في النبطية تضامنا مع الجيش والمقاومة http://mulhak.com/show/Leb/170405/ …	http://www.mulhak.com/show/Leb/170405/	not available
2014-09-26	Aarsal	Protest	http://www.facebook.com/165780076805908_834275136623062	Good	شبكة #شام الإخبارية | #التقرير السياسي 26\9\2014 المشهد المحلي: • أدان الائتلاف الوطني لقوى الثورة والمعارضة السورية مداهمة مجموعات من الجيش اللبناني لمخيمات اللاجئين السوريين في بلدة عرسال (شرق لبنان)، واعتقالها نحو مائتين منهم بأسلوب وحشي، وذلك بعد خروج مئات اللاجئين السوريين في مظاهرة في البلدة احتجاجا على الاعتقالات والمداهمات المذكورة، وأدان الأمين العام للائتلاف نصر الحريري في بيان بأشد العبارات ما سماها التجاوزات التي قام بها الجيش اللبناني بحق اللاجئين السوريين في عرسال واعتقال نحو مائتين منهم بأسلوب وحشي بحجة وجود مطلوبين تعرضوا للجيش اللبناني من داخل المخيمات، وطالب الحريري الحكومة اللبنانية بوقف هذه التجاوزات بحق اللاجئين السوريين فورا، وإطلاق سراح الموقوفين، وفتح تحقيق بشأن ما قال إنها انتهاكات متكررة، واتخاذ الإجراءات القانونية بحق المسؤولين عنها منعا لتكرارها. • أعلن الائتلاف الوطني السوري المعارض أن وفدا يتقدمه رئيسه، هادي البحرة بحث في نيويورك مع المبعوث الأمريكي الخاص إلى سورية دانيال روبشتاين، الوضع في سورية، خاصة ما يتعلق بحملة التحالف التي تقودها أمريكا في ضرب تنظيم "الدولة الاسلامية" ومجموعة "خراسان"، واستمرار نظام الأسد في حملته العسكرية، ونقل مكتب الائتلاف نفي الجانب الأمريكي أن تكون الولايات المتحدة قد نسقت مع نظام الأسد، أو اتفقت معه أو طلبت موافقته، بل إن أميركا حذرت نظام الأسد بأنه في حال اعتراض قواته للضربات الأميركية، فإن قوات الأخيرة ستدمر كل دفاعاته. • افتتح نصر الحريري الأمين العام للائتلاف الوطني السوري ومحمد قداح نائب رئيس الائتلاف والوفد المرافق له مكتباً للائتلاف في سراقب بإدلب، وقال الحريري إنّ سلسلة افتتاح هذه المكاتب في المدن السورية، ليست نهاية المطاف بل هي عنوان لمرحلة، وإنّ الهدف الرئيسي من فتح مثل هذه المكاتب، هو السعي لتنظيم أكثر دقة، وتدعيم جسور التواصل ما بين القيادات السياسية والقيادات المدنية والعسكرية في كافة المدن السورية، من أجل استعادة مقود القرار السياسي الذي تحاول المصالح الدولية اختطافه من يد السوريين، ووعد الحريري بأنّ الائتلاف وبالقريب العاجل سيكون مع المواطن السوري كتفا إلى كتف لبناء سورية والخروج منها من هذه الغوغائية التي يحاول الأسد من خلال بثّها في منظومة المجتمع الدولي التشويش على الصوت الحقيقي للسوريين. • عقد المجلس العسكري الأعلى اجتماعا بحضور 22عضوا لمناقشة قرار رئيس الائتلاف الأخير القاضي بحل مجلس القيادة العسكرية العليا، ونشرت وسائل التواصل الاجتماعي محضر جلسة منسوب لاجتماع المجلس الأعلى، جاء فيه أن قرار رئيس الائتلاف بحل المجلس يعد باطلا للاعتبارات التالية: أن البيان الصادر عنه غير قانوني ولا يدخل ضمن صلاحيات رئيس الائتلاف، واستناد القرار على بيان مزور من بعض أعضاء المجلس السابقين والذين تم فصلهم إداريا، وطالب مجلس القيادة العسكرية الهيئة العامة للائتلاف بحجب الثقة عن البحرة لضعف وتراجع أدائه السياسي، ولتفرده بقرارات تعسفية خارجة عن اختصاصه، كما تضمن محضر الاجتماع إقالة العميد عبد الإله البشير من منصبه لضعف أدائه وتجاوزه الصلاحيات الممنوحة له، وجرى تكليف العميد أحمد بري بتسيير أمور رئاسة الأركان ريثما يتم تعيين رئيس أركان جديد خلال مدة أقصاها 30 يوم. • قالت شبكة "سي ان ان" الأمريكية إن قادة أكثر من 20 جماعة معارضة سورية، بما فيهم زعماء جماعات مسيحية، وقعوا اتفاقاً لتوحيد صفوفهم في محاربة تنظيم "الدولة الإسلامية في العراق والشام"، وعصابات الأسد، جاء توقيع الاتفاق، الذي وصف بالتاريخي، في ختام اجتماع عُقد في تركيا الخميس، بتنسيق مشترك بين لجنة العلاقات الخارجية بمجلس النواب الأمريكي، والمنظمة السورية للطوارئ، التي تتخذ من العاصمة الأمريكية واشنطن مقراً لها، وبموجب الاتفاق، فقد وافقت الجماعات السُنية المعتدلة، التي تقاتل تحت لواء المجلس العسكري الأعلى للثورة السورية، على تشكيل تحالف فيما بينهم، يضم أيضاً المجلس العسكري السرياني، الذي يضم جماعات المعارضة المسيحية في سوريا، واتفق قادة جماعات المعارضة السورية، خلال الاجتماع، الذي لم تحضره أي وسيلة إعلامية باستثناء CNN، على العمل سوياً من أجل التأكيد على أن سوريا الحرة لن تشهد تمييزاً بين كافة العرقيات والديانات والأحزاب السياسية، ويتمتع فيها الجميع بحقوق متساوية. المشهد الإقليمي: • حذر أمير قطر الشيخ تميم بن حمد آل ثاني من أن المعركة التي تقودها الولايات المتحدة ضد تنظيم الدولة الإسلامية المتشدد لن تنجح إذا ظل بشار الأسد في السلطة، وقال الشيخ تميم في مقابلة مع "سي.إن.إن": ينبغي أن نتصدى للإرهاب لكنني أعتقد أن السبب الرئيسي لكل ذلك هو النظام في سوريا وهذا النظام ينبغي أن يعاقب، ووفقا لنص المقابلة قال الأمير إننا إذا اعتقدنا أننا سنتخلص من الحركات الإرهابية ونترك هذه الأنظمة -ولا سيما هذا النظام- يقوم بما يقوم به فإن هذه الحركات الإرهابية ستعود من جديد. • قال وزير الخارجية التركي مولود جاويش أوغلو إن تركيا قامت قبل نحو عام بإدراج تنظيم "داعش" على قوائم التنظيمات الإرهابية، قبل أن يسمع العالم باسم هذا التنظيم، وأضاف الوزير التركي أن موقف تركيا من الجماعات، والتنظيمات الإرهابية واضح للغاية، موضحاً أنه الآن بدأت الولايات المتحدة الأميركية، وأصدقاؤنا من الدول الغربية، يقولون إن المواقف التركية السابقة بخصوص الإرهاب كانت صائبة، وكانت هذه الدول التي بدأت تتحرك الآن لاستهداف التهديدات الإرهابية لها، تتبنى من قبل مواقفا مغايرة، وأشار أوغلو، إلى أن مواقف تركيا المبنية على مبادئ، مستمرة، ولم تتغير، وأنه لم يطرأ أي تغيير على آرائها بخصوص أي قضية من القضايا، ولا سيما الإرهاب، مضيفا أننا لم نفرق بين الجماعات، والتنظيمات الإرهابية، ولم نحابي أي جماعة، أو تنظيم إرهابي، لمجرد أنه يحارب "داعش"، فكلهم عندنا سواء. • أكد الرئيس التونسي المنصف المرزوقي تأييده التصدي لتنظيم الدولة الإسلامية "داعش"، لكنه انتقد اقتصار مواجهته بالرؤية الأمنية والعسكرية الضيقة، ووصف المرزوقي نظام الأسد بأنه أكبر مجرم في المنطقة ولا ننتظر منه شيئاً سوى أن يسقط وهو ما يعني أننا ندعم كل ما يؤدي إلى سقوطه، ولا يجب الاختيار بين "داعش" ونظام الأسد لأن كلاهما يجب أن يرحل لأجل نظام ديموقراطي تعددي، لأنه كمثل الاختيار بين الطاعون والجدري. المشهد الدولي: • تبنى النواب البريطانيون الذي عقدوا جلسة طارئة بعد ظهر اليوم الجمعة بموافقة 524 صوتاً مقابل معارضة 43 صوتا، مذكرة للحكومة تجيز توجيه ضربات جوية ضد تنظيم داعش في العراق، والموافقة على هذا النص تعني انضمام بريطانيا رسمياً إلى التحالف العسكري الدولي الذي يقاتل، بقيادة الولايات المتحدة، هذا التنظيم المتطرف، وقبيل الموافقة، أعلن رئيس الوزراء البريطاني ديفيد كاميرون، أن تدخل المملكة المتحدة في العراق ربما يستمر لسنوات حال أجازه البرلمان البريطاني، وقال كاميرون أمام مجلس العموم الذي دعاه لعقد جلسة طارئة للتصويت على انضمام المملكة المتحدة إلى التحالف لمحاربة تنظيم "داعش" إن ذلك سيكون مهمة لن تنتهي في أشهر بل ستستمر سنوات، لكني أعتقد أنه علينا أن نستعد لهذا الالتزام. • أعلنت وزارة الدفاع الأميركية أن مقاتلات سعودية وإماراتية شاركت بكثافة في الضربات الأخيرة التي استهدفت مواقع تابعة لتنظيم "الدولة الإسلامية" المتطرف في سوريا، وقال المتحدث الكولونيل البحري جون كيربي للصحافيين إن 10 مقاتلات من الدولتين العربيتين أغارت مساء الأربعاء برفقة 6 مقاتلات أميركية على مصافي النفط الخاضعة لسيطرة "الدولة الإسلامية"، موضحا أن ثمانين في المئة من القصف قامت به المقاتلات السعودية والإماراتية. • طالبت الولايات المتحدة رعاياهما في تركيا بتوخي المزيد من الحذر لاحتمال أن يشن متشددون أجانب أو محليون هجمات عليهم ردا على الغارات الجوية التي استهدفت مقاتلي تنظيم "الدولة الإسلامية" في سوريا والعراق، وقالت السفارة الأمريكية في أنقرة إن المناطق الشرقية والجنوبية الشرقية في تركيا - والتي يقع أجزاء منها على الحدود مع العراق وسوريا - عرضة للخطر على وجه الخصوص رغم عدم وجود معلومات لديها عن تهديدات محددة، وقالت السفارة في بيان إن احتمالات شن هجمات إرهابية على مصالح وأشخاص أمريكيين من مجموعات محلية وعابرة للحدود تبقى مرتفعة. • قالت وزارة الدفاع الامريكية "البنتاغون" إنه من السابق لأوانه القول إن التحالف الذي تقوده الولايات المتحدة ينتصر على تنظيم "الدولة الإسلامية" وأشارت إلى أن التنظيم ما زال يمكنه الوصول إلى متطوعين وأسلحة وتمويل حتى بعد عمليات القصف في سوريا والعراق، وقال المتحدث باسم البنتاغون الأميرال جون كيربي للصحفيين إن سؤالكم هو كيف تعرفون انكم تنتصرون؟ وما أقوله لكم هو أننا سنستغرق بعض الوقت لنكون قادرين على أن نقول ذلك، وأضاف أنه حتى بعد الضربات التي تعرضوا لها ما زال لديهم تمويل عند أطراف أصابعهم. • قال مدير مكتب التحقيقات الفدرالي الأمريكي (اف بي اي) جيمس كومي إن تنظيم "الدولة الإسلامية" سيحاول بالتأكيد شن عمليات في الولايات المتحدة ردا على الضربات الأمريكية التي تستهدفه في سوريا، معلنا من جهة أخرى التوصل إلى تحديد هوية الملثم الذي أعدم أميركيين اثنين وبريطانيا، وقال جيمس كومي متحدثا خلال طاولة مستديرة نظمت في مقر الـ(اف بي آي) مع عدد من الصحافيين إنه لا شك أن جهاديي الدولة الإسلامية يودون القيام بتحرك ردا على عمليات أميركا وحلفائها، وإنني واثق من أنهم يودون إيجاد وسيلة ليضربوا هنا. • قال وزير الخارجية الفرنسي لوران فابيوس؛ إن أعداء بلاده في سوريا يتضاعفون، وإن العدو الأول هو الأسد، ومن ثم تنظيم الدولة الإسلامية "داعش"، مبيناً أن الأسد لا يحارب تنظيم الدولة لأنه يحقق مصالحه، وبخصوص الفرنسيين الذين يذهبون للقتال في سوريا، قال فابيوس إن عدداً كبيراً منهم يذهب عبر تركيا ، مشدداً بذلك على ضرورة توطيد تعاون وثيق مع تركيا في هذا المجال، وفي تعليقه على توسع تنظيم "الدولة الإسلامية" قال الوزير الفرنسي، إن هذا التنظيم لا يمثل الإسلام بأي شكل من الأشكال. • حذر رئيس الوزراء البريطاني ديفيد كاميرون، بأن تدخل المملكة المتحدة في العراق قد يستمر لسنوات إن أجازه البرلمان البريطاني، وقال كاميرون أمام مجلس العموم الذي دعاه لعقد جلسة طارئة للتصويت على انضمام المملكة المتحدة إلى التحالف لمحاربة تنظيم "داعش" إن ذلك سيكون مهمة لن تنتهي في أشهر بل ستستمر سنوات، لكني أعتقد أنه علينا أن نستعد لهذا الالتزام"، أوضح كاميرون أنه يعتقد بوجوب اتخاذ خطوات أكبر في سوريا، في حين يبت البرلمان فقط في احتمال المشاركة في الضربات الجوية في العراق. • قدمت الحكومة الألمانية تأييدها الواضح للغارات الجوية التي تقودها الولايات المتحدة ضد الدولة الاسلامية في سوريا، وقال المتحدث باسم ميركل شتيفن زايبرت إن الهجمات في شمال سوريا لا تخص سوريا أو حكومة الأسد بل هي لمساعدة الحكومة العراقية لتدافع عن العراق ضد هجمات تشنها الدولة الإسلامية من سوريا، بحسب وكالة رويترز، وقال في مؤتمر صحفي إن هذا هو القصد من هذه العملية العسكرية، وقد أخطرت حكومة الأسد مسبقا ولم تحتج.	not available	not available
2014-09-26	Aarsal	Protest	https://now.mmedia.me/lb/en/NewsReports/564137-army-hostages-fate-in-balance	Good		NA	https://web.archive.org/web/20150717175306/https://now.mmedia.me/lb/en/NewsReports/564137-army-hostages-fate-in-balance
2014-09-26	Aarsal	Protest	http://www.twitter.com/LebFeed/status/515484715722096640	Good	بالفيديو: مظاهرة في عرسال تطلب من النصرة إجتياح بيروت! http://dlvr.it/71kHWK	http://www.lebfeed.com/بالفيديو-مظاهرة-في-عرسال-تطلب-من-النصر/	not available
2014-09-26	Aarsal	Protest	http://www.twitter.com/Live961/status/515477648848719872	Good	بالفيديو: مظاهرة في عرسال تطلب من النصرة إجتياح بيروت! تتمة http://wyz.me/amdh	http://www.live961.com/lebanon-news/news/1715255/	https://perma.cc/HZ4L-MMGG
2014-09-26	Aarsal	Protest	http://www.twitter.com/Live961/status/515472622382243842	Good	النشرة: مظاهرة في عرسال شارك فيها سوريون رفعت فيها اعلام السوري ... http://wyz.me/amd7	https://www.elnashra.com/news/show/793495/النشرة-مظاهرة-عرسال-شارك-فيها-سوريون-رفعت-فيها-اعل	https://perma.cc/SFU7-BNBU?type=image
2014-09-26	Aarsal	Protest	http://www.twitter.com/tayyar_org/status/515476050785349632	Good	بالفيديو: مظاهرة في #عرسال تطلب من " #النصرة " إجتياح #بيروت ! http://bit.ly/1n92YRK	http://archives.tayyar.org/Tayyar/News/PoliticalNews/ar-LB/nosra-beirut-3ersel-zek-313.htm	not available
2014-09-26	Aarsal	Protest	http://www.twitter.com/tayyar_org/status/515483436975656960	Good	- Lebanon News -بالفيديو: مظاهرة في عرسال تطلب من "النصرة" إجتياح بيروت! http://www.tayyar.org/Tayyar/News/PoliticalNews/ar-LB/nosra-beirut-3ersel-zek-313.htm … via @tayyar_org	http://archives.tayyar.org/Tayyar/News/PoliticalNews/ar-LB/nosra-beirut-3ersel-zek-313.htm	not available
2014-09-26	Aarsal	Protest	http://www.twitter.com/tayyar_org/status/515482179397500928	Good	بالفيديو: مظاهرة في عرسال تطلب من "النصرة" إجتياح بيروت! http://fb.me/1d0CEXHh3	http://archives.tayyar.org/Tayyar/News/PoliticalNews/ar-LB/nosra-beirut-3ersel-zek-313.htm	not available
2014-12-29	Aarsal	Roadblock	http://www.aljoumhouria.com//news/index/197766	Good	افادت الوكالة الوطنية للاعلام عن قطع طريق اللبوة في عين الشعب المؤدية الى عرسال في منطقة رأس السرج على مدخل البلدة من قبل شبان لبنانيين وسوريين احتجاجا على اجراءات الجيش بتفتيش السيارات المتوجهة الى الجرد اضافة الى حصر الصعود والنزول بأصحاب المقالع والكسارات اعتبارا من 1-1-2015 حفاظا على أمن عرسال من المسلحين.	NA	http://perma.cc/2FBD-YC3B
2014-12-29	Aarsal	Roadblock	http://www.tawhidarabi.org/?p=164020	Good	افاد مندوب الوكالة الوطنية للاعلام عن قطع طريق اللبوة في عين الشعب المؤدية الى عرسال في منطقة رأس السرج على مدخل البلدة من قبل شبان لبنانيين وسوريين احتجاجا على اجراءات الجيش بتفتيش السيارات المتوجهة الى الجرد اضافة الى حصر الصعود والنزول بأصحاب المقالع والكسارات اعتبارا من 1-1-2015 حفاظا على أمن عرسال من المسلحين.	NA	https://perma.cc/U9BZ-DHVQ
2014-12-29	Aarsal	Roadblock	http://www.twitter.com/ALJADEEDNEWS/status/549489212278321152	Good	عدد من الشبان اللبنانيين والسوريين قطعوا طريق اللبوة في عين الشعب المؤدّية إلى #عرسال	http://www.aljadeed.tv/arabic	https://perma.cc/JQ4R-BLHW
2014-12-29	Aarsal	Roadblock	http://www.twitter.com/AlkalimaOnline/status/549481657682919424	Good	قطع الطريق عند مدخل بلدة عرسال من قبل عدد من الاهالي المحتجين على اجراءات الجيش - Al Kalima Online http://bit.ly/13O7s7f	http://www.alkalimaonline.com/article.php?id=300973&utm_content=buffer5f43f&utm_medium=social&utm_source=twitter.com&utm_campaign=buffer	not available
2014-12-29	Aarsal	Roadblock	http://www.twitter.com/futuretvnews/status/549478255493791745	Good	قطع طريق عرسال بالحجارة من قبل عدد من الأهالي المحتجين على اجراءات الجيش	No link in text	NA
2014-12-29	Aarsal	Roadblock	https://twitter.com/VoixDuLiban/status/549478442861744128	Good	عمد عدد من الشبان الى قطع طريق عين الشعب المؤدية الى عرسال من جهة اللبوة في منطقة رأس السرج.	No link in text	NA
2014-12-29	Aarsal	Roadblock	http://www.twitter.com/Live961/status/549490277485146113	Good	قطع طريق عرسال بالحجارة من قبل عدد من الأهالي المحتجين على اجراءات ... http://wyz.me/brst	http://www.live961.com/lebanon-news/news/1843601/	https://perma.cc/3HVR-PW4S
2014-12-29	Aarsal	Roadblock	http://www.twitter.com/nbnlebanon/status/549478547991957504	Good	قطع طريق #عرسال بالحجارة من قبل عدد من الأهالي المحتجين على اجراءات #الجيش_اللبناني	No link in text	NA
2015-02-26	Wadi Khaled	Protest	http://www.twitter.com/LBCI_NEWS/status/570905091848298497	Good	اعتصام للنازحين السوريين في #وادي_خالد   http://w.lbci.com/1DW5b8i	https://www.lbcgroup.tv/news/d/lebanon/203173/%D8%A7%D8%B9%D8%AA%D8%B5%D8%A7%D9%85-%D9%84%D9%84%D9%86%D8%A7%D8%B2%D8%AD%D9%8A%D9%86-%D8%A7%D9%84%D8%B3%D9%88%D8%B1%D9%8A%D9%8A%D9%86-%D9%81%D9%8A-%D9%88%D8%A7%D8%AF%D9%8A-%D8%AE%D8%A7%D9%84%D8%AF/ar	https://perma.cc/5XWE-JXGC
2015-07-31	Wadi Khaled	Protest	http://www.facebook.com/481563071955607_742450849200160	Good	#اعتصام في #وادي_خالد رفضاً لاقفال مستوصف صحي يقدم خدمات صحية لهم  http://tripoliscope.com/?n=258690  #لبنان #عكار #النازحين_السوريين	http://tripoliscope.com/news/5-%D8%A3%D8%AE%D8%A8%D8%A7%D8%B1_%D8%B9%D9%83%D8%A7%D8%B1/258690-%D8%A7%D8%B9%D8%AA%D8%B5%D8%A7%D9%85_%D9%81%D9%8A_%D9%88%D8%A7%D8%AF%D9%8A_%D8%AE%D8%A7%D9%84%D8%AF_%D8%B1%D9%81%D8%B6%D8%A7-_%D9%84%D8%A7%D9%82%D9%81%D8%A7%D9%84_%D9%85%D8%B3%D8%AA%D9%88%D8%B5%D9%81_%D8%B5%D8%AD%D9%8A_%D9%8A%D9%82%D8%AF%D9%85_%D8%AE%D8%AF%D9%85%D8%A7%D8%AA_%D8%B5%D8%AD%D9%8A%D8%A9_%D9%84%D9%87%D9%85	https://perma.cc/3KLZ-KRHV
2015-10-20	Beirut	Protest	http://www.facebook.com/113359008741899_932439303500528	Good	بيروت اليوم علت فيها الهتافات من مجموعة من الشباب السوريين واللبنانين ضد تدخل الإحتلال الروسي في سوريا، في وقفة إحتجاجية امام السفارة الروسية في بيروت في كورنيش المزرعه. حيث إجتمع عدد من الناشطين والناشطات بعدد قليل نتيجة الاجراءات الامنية المشددة حولة السفارة الروسية، وهتف المعتصمون ورفعوا شعارات تندد بـ"بوتين" وتدخله العسكري في سوريا الذي يحاول ان يظهره انه لمحاربة داعش، إنما في الحقيقة هو موجه ضد كل من يعارض نظام الاسد وميلشياته. كما ندد المعتصمون بمجازر روسيا في كل البلدان من ضمنها سوريا واوكرانيا والقوقاز وغيرها واتهموا روسيا بوقوفها الى جانب الاسد للقضاء على الثورة وليس على داعش وكان هناك هتافات ضد داعش ايضا وطالبوا بوقف الهجمات الروسية على المدنين في سوريا.  http://lebwindow.net/173665	http://lebwindow.net/173665	https://web.archive.org/web/20151021060234/http://www.lebwindow.net/173665
2015-12-08	Beit al-Housh	Protest	http://assafir.com/Article/8/460717	Good	إضافة إلى المفضلة   اعتصم طلاب واهالي النازحين السوريين امام المدرسة الرسمية في بلدة بيت الحوش احتجاجا على عدم تأمين التمويل اللازم لتعليمهم، اذ يمتنع أصحاب الحافلات عن نقل الطلاب لعدم دفع المصاريف من قبل الجمعيات الدولية منذ أشهر.  ولفت السائقون الى «أن ﻻ قدرة لنا على نقل الطلاب من دون تأمين التمويل اللازم من قبل المؤسسات الدولية التي لم تدفع لغاية اليوم بدل النقل».  وأكد السائق حســن الأكــومي «ان السائقين في ما يزيد عن 18 مدرسة امتــنعوا عن نقــل الطــلاب، حتى اقرار اﻷموال...	NA	https://perma.cc/ZHJ9-XYFV
2016-01-08	Mejdel-Ansar	Sit-in	http://www.alhayat.com/m/story/13313947#sthash.xaQ0RrU7.dpbs	Good	"استمرت في لبنان أمس، تفاعلات الحصار المفروض على أهالي مضايا في ريف دمشق، الذين يعانون من أزمة غذاء حادّة وصلت إلى حد المجاعة، وموت عدد منهم، بينهم أطفال، جوعاً، سواء في المواقف السياسية أم في التحركات الشعبية التضامنية. وشملت التحركات، حملة على «حزب الله» لمشاركته في الحصار إلى جانب الجيش النظامي السوري.-"	NA	https://perma.cc/Y49Y-MEJT
2016-03-24	Abra	Sit-in	https://www.facebook.com/photo.php?fbid=10209402983136402&set=o.420796315726&type=3&theater	Good	اعتصام لنازحين سوريين امام مجمع البنيان في عبرا بمدينة صيدا جنوب لبنان بعد انذارهم بإخلائه  نفذت العائلات السورية النازحة التي تقطن في مجمع البنيان في منطقة عبرا شرقي صيدا اعتصاما أمام المجمع بعد انذارهم بإخلاء المبنى بسبب اضطرار اصحابه لبيع الارض حيث رفعوا الصوت عاليا مناشدين المعنيين والمجتمع الدولي ولا سيما الامين العام للامم المتحدة بان كي مون والذي يصادف وجوده في لبنان الالتفات الى اوضاعهم ومعاناتهم والعمل على تأمين ابسط حقوقهم بعدما اصبحوا مهددين بالتشرد.  اشارة الى ان المبنى قدمه المركز الثقافي الاسلامي لايواء نحو 34 عائلة سورية تحت اشراف جمعية التعاون الانساني واتحاد الجمعيات الاغاثية والتنموية و الذي عمل على تقديم المساعدات لهؤلاء منذ نزوحهم الى صيدا وايوائهم في المبنى المذكور وتأمين الكهرباء والمياه اليه.	No link in text	https://perma.cc/QW2N-7VTR
2016-03-24	Abra	Sit-in	http://www.dailystar.com.lb//News/Lebanon-News/2016/Mar-24/343926-syrians-call-on-un-chief-to-help-them-after-eviction-warning.ashx	Good	"Syrian refugees protested in a south Lebanon town Thursday calling on U.N. chief Ban Ki-moon to help them stay in their current homes after being informed of an eviction."	NA	https://web.archive.org/web/20160324155528/http://www.dailystar.com.lb//News/Lebanon-News/2016/Mar-24/343926-syrians-call-on-un-chief-to-help-them-after-eviction-warning.ashx
2016-03-24	Abra	Sit-in	http://www.saidaonline.com/news.php?go=fullnews&newsid=79023	Good	نفذت العائلات السورية النازحة التي تقطن في مجمع البنيان في منطقة عبرا شرقي صيدا اعتصاما أمام المجمع بعد انذارهم بإخلاء المبنى بسبب اضطرار اصحابه لبيع الارض حيث رفعوا الصوت عاليا مناشدين المعنيين والمجتمع الدولي ولا سيما الامين العام للامم المتحدة بان كي مون والذي يصادف وجوده في لبنان الالتفات الى اوضاعهم ومعاناتهم والعمل على تأمين ابسط حقوقهم بعدما اصبحوا مهددين بالتشرد .    اشارة الى ان المبنى قدمه المركز الثقافي الاسلامي لايواء نحو 34 عائلة سورية تحت اشراف جمعية التعاون الانساني واتحاد المؤسسات الاغاثية في صيدا والجوار التي عملت على تقديم المساعدات لهؤلاء منذ نزوحهم الى صيدا وايوائهم في المبنى المذكور وتأمين الكهرباء والمياه اليه.	NA	https://perma.cc/EJM3-SY5L
2016-04-29	Tripoli	Protest	http://www.dailystar.com.lb//News/Lebanon-News/2016/Apr-29/349917-demonstration-in-solidarity-with-aleppo-in-northern-lebanon.ashx	Good	A demonstration was held Friday in Lebanon’s northern city of Tripoli in solidarity with the people of Aleppo, which has recently been rocked by fresh violence.	NA	https://web.archive.org/web/20160604182947/http://www.dailystar.com.lb/News/Lebanon-News/2016/Apr-29/349917-demonstration-in-solidarity-with-aleppo-in-northern-lebanon.ashx
2016-04-29	Tripoli	Protest	http://mtv.com.lb/News/590877	Good	ذكرت الوكالة الوطنية ان أن عددا من الشبان والشابات، نفذوا برفقة نازحين سوريين، اعتصاما رمزيا وسط ساحة عبد الكريم كرامي، تضامنا مع أهالي مدينة حلب السورية.    وأضاء المعتصمون الشموع ورفعوا اللافتات التي تطالب المجتمع الدولي ب"وضع حد للمجازر التي تحصل بحق الأبرياء والأطفال في مدينة حلب".	NA	https://perma.cc/27TK-7GHP
2016-07-18	Al-Taybat	Protest	http://www.dailystar.com.lb/News/Lebanon-News/2016/Jul-18/362650-syrian-refugees-in-east-lebanon-protest-living-conditions.ashx	Good	Syrian refugees in an east Lebanon makeshift camp Monday held a brief protest over the conditions they were living in.	NA	https://web.archive.org/web/20160821042801/http://www.dailystar.com.lb//News/Lebanon-News/2016/Jul-18/362650-syrian-refugees-in-east-lebanon-protest-living-conditions.ashx
2017-07-26	Deir al-Ahmar	Strike	http://al-manshour.org/node/7053	Good	قام عمّال سوريون في دير الأحمر بالإضراب عن العمل يوم الثلاثاء ٢٦ تموز/يوليو، احتجاجاً على الممارسات العنصرية والقمعية وعلى الانتهاكات العديدة والمتكررة بحقّهم من قبل البلدية وعناصر من القوى الأمنية والعديد من أهالي البلدة. ازدادت هذه الانتهاكات إثر تفجيرات القاع، رغم تصريح وزير الداخلية والبلديات، نهاد المشنوق، الذي أكّد فيه أن انتحاريي القاع أتوا من سوريا لا من مخيمات اللاجئين. كان أحدث هذه الانتهاكات مداهمة الجيش لمخيمات البلدة صباح الاثنين ٢٥ تموز/يوليو، الأمر الذي دفع بالعمّال المقيمين داخل المخيّم إلى إعلان الإضراب عن العمل.	NA	https://perma.cc/684Q-WVC9
2016-12-13	Al-Mehamra	Roadblock	http://www.dailystar.com.lb//News/Lebanon-News/2016/Dec-13/385235-akkar-youths-burn-tires-in-protest-over-aleppo.ashx	Good	A group of young men cut off the main road into the northern Lebanese region of Akkar Tuesday in protest of the Syrian army's campaign in Aleppo.	NA	https://perma.cc/7UUG-VKEC
2016-12-13	Al-Mehamra	Roadblock	http://www.twitter.com/DailyStarLeb/status/808748311335342080	Good	Akkar youths burn tires in protest over Aleppo http://bit.ly/2gEwH7z	http://www.dailystar.com.lb/News/Lebanon-News/2016/Dec-13/385235-akkar-youths-burn-tires-in-protest-over-aleppo.ashx?utm_content=buffer62489&utm_medium=social&utm_source=twitter.com&utm_campaign=buffer; note that this is a snippet due to the subscription requirement for the linked website.	https://perma.cc/RF4M-TZJZ
2016-12-13	Al-Mehamra	Roadblock	http://www.albawaba.com/news/protesters-lebanon-block-highway-%E2%80%98solidarity%E2%80%99-aleppo-915190	Good	A number of young men blocked the main highway Tuesday in the al-Abdeh area at Akkar's southern entrance “in solidarity with Aleppo's people” and to “condemn the world's silence,” state-run National News Agency reported.    Protesters used burning tires to block the vital highway that links Lebanon to Syria.    Civilians and opposition fighters will start evacuating east Aleppo "within hours" under a deal with Syria's regime, a rebel official said Tuesday, as global outrage mounted over reports of atrocities including summary executions.         The United Nations and aid agencies have been pleading for a ceasefire to allow for the evacuation of tens of thousands of civilians trapped in the last pocket of rebel territory in Aleppo.    After weeks of heavy fighting, forces loyal to President Bashar Assad are in the last hours of a push to take full control of the city, dealing the biggest blow to Syria's rebellion in more than five years of civil war.    Aleppo, a cultural and economic hub in northern Syria second only to Damascus in importance, had been split between a rebel-controlled east and government-held west since 2012.    Recapturing all of Aleppo will be a huge victory for Assad and leave his regime in control of all five of Syria's main cities.	NA	https://perma.cc/W7LU-HWBT